carX,carY,blockX,blockY,blockSpeed,direct
430,420,452,279,9,-1
350,420,400,140,7,-1
340,420,400,147,7,-1
330,420,400,154,7,-1
320,420,400,161,7,-1
310,420,400,168,7,-1
300,420,400,175,7,-1
290,420,400,182,7,-1
280,420,400,189,7,-1
270,420,400,196,7,-1
260,420,400,203,7,-1
250,420,400,210,7,-1
240,420,400,217,7,-1
230,420,400,224,7,-1
240,420,189,168,7,1
250,420,189,175,7,1
260,420,189,182,7,1
270,420,189,189,7,1
280,420,189,196,7,1
290,420,189,203,7,1
300,420,189,210,7,1
310,420,189,217,7,1
320,420,189,224,7,1
330,420,189,231,7,1
340,420,189,238,7,1
350,420,189,245,7,1
360,420,189,252,7,1
370,420,189,259,7,1
380,420,189,266,7,1
390,420,189,273,7,1
380,420,496,126,7,-1
370,420,496,133,7,-1
360,420,496,140,7,-1
350,420,496,147,7,-1
340,420,496,154,7,-1
330,420,496,161,7,-1
320,420,496,168,7,-1
310,420,496,175,7,-1
300,420,496,182,7,-1
290,420,496,189,7,-1
280,420,496,196,7,-1
290,420,661,154,7,1
300,420,661,161,7,1
310,420,661,168,7,1
320,420,661,175,7,1
330,420,661,182,7,1
340,420,661,189,7,1
350,420,661,196,7,1
360,420,661,203,7,1
370,420,661,210,7,1
380,420,661,217,7,1
390,420,661,224,7,1
400,420,182,168,7,1
410,420,182,175,7,1
420,420,182,182,7,1
430,420,182,189,7,1
440,420,182,196,7,1
450,420,182,203,7,1
460,420,182,210,7,1
470,420,182,217,7,1
480,420,182,224,7,1
470,420,549,184,8,-1
460,420,549,192,8,-1
450,420,549,200,8,-1
440,420,549,208,8,-1
430,420,549,216,8,-1
420,420,549,224,8,-1
410,420,549,232,8,-1
400,420,549,240,8,-1
390,420,549,248,8,-1
380,420,549,256,8,-1
370,420,549,264,8,-1
360,420,549,272,8,-1
350,420,494,192,8,-1
340,420,494,200,8,-1
330,420,494,208,8,-1
320,420,494,216,8,-1
310,420,494,224,8,-1
300,420,494,232,8,-1
290,420,494,240,8,-1
280,420,494,248,8,-1
270,420,494,256,8,-1
280,420,109,152,8,1
290,420,109,160,8,1
300,420,109,168,8,1
310,420,109,176,8,1
320,420,109,184,8,1
330,420,109,192,8,1
340,420,109,200,8,1
350,420,109,208,8,1
360,420,109,216,8,1
370,420,109,224,8,1
380,420,109,232,8,1
390,420,109,240,8,1
400,420,109,248,8,1
410,420,109,256,8,1
400,420,474,176,8,-1
390,420,474,184,8,-1
380,420,474,192,8,-1
370,420,474,200,8,-1
360,420,474,208,8,-1
350,420,474,216,8,-1
340,420,474,224,8,-1
330,420,474,232,8,-1
320,420,474,240,8,-1
310,420,474,248,8,-1
300,420,474,256,8,-1
310,420,51,176,8,1
320,420,51,184,8,1
330,420,51,192,8,1
340,420,51,200,8,1
350,420,51,208,8,1
360,420,51,216,8,1
370,420,51,224,8,1
380,420,51,232,8,1
390,420,51,240,8,1
400,420,51,248,8,1
410,420,51,256,8,1
420,420,51,264,8,1
430,420,51,272,8,1
440,420,299,424,8,1
450,420,299,432,8,1
460,420,299,440,8,1
470,420,299,448,8,1
480,420,299,456,8,1
490,420,299,464,8,1
480,420,502,180,9,-1
470,420,502,189,9,-1
460,420,502,198,9,-1
450,420,502,207,9,-1
440,420,502,216,9,-1
430,420,502,225,9,-1
420,420,502,234,9,-1
410,420,502,243,9,-1
400,420,502,252,9,-1
390,420,502,261,9,-1
380,420,502,270,9,-1
370,420,502,279,9,-1
360,420,502,288,9,-1
350,420,502,297,9,-1
360,420,219,216,9,1
370,420,219,225,9,1
380,420,219,234,9,1
390,420,219,243,9,1
400,420,219,252,9,1
410,420,219,261,9,1
420,420,219,270,9,1
430,420,219,279,9,1
420,420,627,162,9,-1
410,420,627,171,9,-1
400,420,627,180,9,-1
390,420,627,189,9,-1
380,420,627,198,9,-1
370,420,627,207,9,-1
360,420,627,216,9,-1
350,420,627,225,9,-1
340,420,627,234,9,-1
330,420,627,243,9,-1
320,420,627,252,9,-1
330,420,74,216,9,1
340,420,74,225,9,1
350,420,74,234,9,1
360,420,74,243,9,1
370,420,74,252,9,1
380,420,74,261,9,1
390,420,74,270,9,1
400,420,74,279,9,1
410,420,154,243,9,1
420,420,154,252,9,1
430,420,154,261,9,1
440,420,154,270,9,1
450,420,154,279,9,1
460,420,154,288,9,1
450,420,470,180,10,-1
440,420,470,190,10,-1
430,420,470,200,10,-1
420,420,470,210,10,-1
410,420,470,220,10,-1
400,420,470,230,10,-1
390,420,470,240,10,-1
380,420,470,250,10,-1
370,420,470,260,10,-1
360,420,470,270,10,-1
350,420,470,280,10,-1
340,420,470,290,10,-1
330,420,418,190,10,-1
320,420,418,200,10,-1
310,420,418,210,10,-1
300,420,418,220,10,-1
290,420,418,230,10,-1
280,420,418,240,10,-1
270,420,418,250,10,-1
280,420,290,150,10,1
290,420,290,160,10,1
300,420,290,170,10,1
310,420,290,180,10,1
320,420,290,190,10,1
330,420,290,200,10,1
340,420,290,210,10,1
350,420,290,220,10,1
360,420,290,230,10,1
370,420,290,240,10,1
380,420,290,250,10,1
390,420,290,260,10,1
400,420,290,270,10,1
410,420,290,280,10,1
420,420,290,290,10,1
430,420,290,300,10,1
440,420,290,310,10,1
450,420,290,320,10,1
440,420,554,160,10,-1
430,420,554,170,10,-1
420,420,554,180,10,-1
410,420,554,190,10,-1
400,420,554,200,10,-1
390,420,554,210,10,-1
380,420,554,220,10,-1
370,420,554,230,10,-1
360,420,554,240,10,-1
350,420,554,250,10,-1
360,420,284,242,11,1
370,420,284,253,11,1
380,420,284,264,11,1
390,420,284,275,11,1
400,420,284,286,11,1
410,420,284,297,11,1
420,420,284,308,11,1
430,420,284,319,11,1
440,420,284,330,11,1
450,420,284,341,11,1
460,420,284,352,11,1
470,420,284,363,11,1
480,420,284,374,11,1
470,420,699,275,11,-1
460,420,699,286,11,-1
450,420,699,297,11,-1
440,420,699,308,11,-1
430,420,699,319,11,-1
420,420,699,330,11,-1
410,420,699,341,11,-1
400,420,699,352,11,-1
390,420,699,363,11,-1
380,420,699,374,11,-1
370,420,699,385,11,-1
360,420,394,209,11,-1
350,420,394,220,11,-1
340,420,394,231,11,-1
330,420,394,242,11,-1
320,420,394,253,11,-1
310,420,394,264,11,-1
300,420,394,275,11,-1
290,420,394,286,11,-1
280,420,394,297,11,-1
270,420,394,308,11,-1
260,420,394,319,11,-1
250,420,394,330,11,-1
240,420,394,341,11,-1
250,420,685,132,11,1
260,420,685,143,11,1
270,420,685,154,11,1
280,420,685,165,11,1
290,420,685,176,11,1
300,420,685,187,11,1
310,420,685,198,11,1
320,420,685,209,11,1
330,420,319,240,12,1
340,420,319,252,12,1
350,420,319,264,12,1
360,420,319,276,12,1
370,420,319,288,12,1
380,420,319,300,12,1
390,420,319,312,12,1
400,420,319,324,12,1
350,420,400,196,7,-1
340,420,400,203,7,-1
330,420,400,210,7,-1
320,420,400,217,7,-1
310,420,400,224,7,-1
300,420,400,231,7,-1
290,420,400,238,7,-1
280,420,400,245,7,-1
270,420,400,252,7,-1
260,420,400,259,7,-1
250,420,400,266,7,-1
240,420,400,273,7,-1
250,420,547,301,7,1
260,420,547,308,7,1
270,420,547,315,7,1
280,420,547,322,7,1
290,420,547,329,7,1
300,420,547,336,7,1
310,420,547,343,7,1
320,420,547,350,7,1
330,420,547,357,7,1
340,420,108,168,7,1
350,420,108,175,7,1
360,420,108,182,7,1
370,420,108,189,7,1
380,420,108,196,7,1
390,420,108,203,7,1
400,420,108,210,7,1
410,420,326,182,7,1
420,420,326,189,7,1
430,420,326,196,7,1
440,420,326,203,7,1
450,420,326,210,7,1
460,420,326,217,7,1
470,420,326,224,7,1
480,420,326,231,7,1
470,420,473,147,7,-1
460,420,473,154,7,-1
450,420,473,161,7,-1
440,420,473,168,7,-1
430,420,473,175,7,-1
420,420,473,182,7,-1
410,420,473,189,7,-1
400,420,473,196,7,-1
390,420,473,203,7,-1
380,420,473,210,7,-1
370,420,473,217,7,-1
360,420,473,224,7,-1
350,420,473,231,7,-1
340,420,473,238,7,-1
330,420,473,245,7,-1
320,420,473,252,7,-1
310,420,473,259,7,-1
320,420,86,168,8,1
330,420,86,176,8,1
340,420,86,184,8,1
350,420,86,192,8,1
360,420,86,200,8,1
370,420,86,208,8,1
380,420,86,216,8,1
390,420,86,224,8,1
400,420,86,232,8,1
410,420,86,240,8,1
420,420,86,248,8,1
410,420,689,208,8,-1
400,420,689,216,8,-1
390,420,689,224,8,-1
380,420,689,232,8,-1
370,420,689,240,8,-1
360,420,689,248,8,-1
350,420,689,256,8,-1
340,420,689,264,8,-1
330,420,689,272,8,-1
320,420,689,280,8,-1
310,420,503,248,8,-1
300,420,503,256,8,-1
290,420,503,264,8,-1
280,420,503,272,8,-1
270,420,503,280,8,-1
260,420,334,200,8,-1
250,420,334,208,8,-1
240,420,334,216,8,-1
250,420,215,180,9,1
260,420,215,189,9,1
270,420,215,198,9,1
280,420,215,207,9,1
290,420,215,216,9,1
300,420,215,225,9,1
310,420,215,234,9,1
320,420,215,243,9,1
330,420,215,252,9,1
340,420,215,261,9,1
350,420,215,270,9,1
360,420,215,279,9,1
370,420,215,288,9,1
360,420,391,180,9,-1
350,420,391,189,9,-1
340,420,391,198,9,-1
330,420,391,207,9,-1
320,420,391,216,9,-1
310,420,391,225,9,-1
300,420,391,234,9,-1
290,420,391,243,9,-1
280,420,391,252,9,-1
270,420,391,261,9,-1
260,420,391,270,9,-1
270,420,278,180,9,1
280,420,278,189,9,1
290,420,278,198,9,1
300,420,278,207,9,1
310,420,278,216,9,1
320,420,278,225,9,1
330,420,278,234,9,1
340,420,278,243,9,1
350,420,278,252,9,1
360,420,278,261,9,1
370,420,278,270,9,1
380,420,278,279,9,1
390,420,278,288,9,1
400,420,278,297,9,1
410,420,278,306,9,1
420,420,278,315,9,1
430,420,278,324,9,1
440,420,278,333,9,1
450,420,278,342,9,1
460,420,278,351,9,1
450,420,499,162,9,-1
440,420,499,171,9,-1
430,420,499,180,9,-1
420,420,499,189,9,-1
410,420,499,198,9,-1
400,420,499,207,9,-1
390,420,499,216,9,-1
380,420,499,225,9,-1
370,420,499,234,9,-1
360,420,499,243,9,-1
350,420,499,252,9,-1
340,420,499,261,9,-1
330,420,499,270,9,-1
320,420,499,279,9,-1
310,420,499,288,9,-1
300,420,499,297,9,-1
290,420,499,306,9,-1
300,420,11,189,9,1
310,420,11,198,9,1
320,420,11,207,9,1
330,420,11,216,9,1
340,420,11,225,9,1
350,420,11,234,9,1
360,420,11,243,9,1
370,420,11,252,9,1
380,420,11,261,9,1
370,420,471,190,10,-1
360,420,471,200,10,-1
350,420,471,210,10,-1
340,420,471,220,10,-1
330,420,471,230,10,-1
320,420,471,240,10,-1
310,420,471,250,10,-1
300,420,471,260,10,-1
310,420,135,220,10,1
320,420,135,230,10,1
330,420,135,240,10,1
340,420,135,250,10,1
350,420,135,260,10,1
360,420,135,270,10,1
370,420,41,290,10,1
380,420,41,300,10,1
390,420,41,310,10,1
400,420,236,240,10,1
410,420,236,250,10,1
420,420,236,260,10,1
430,420,236,270,10,1
440,420,236,280,10,1
430,420,382,187,11,-1
420,420,382,198,11,-1
410,420,382,209,11,-1
400,420,382,220,11,-1
390,420,382,231,11,-1
380,420,382,242,11,-1
370,420,382,253,11,-1
360,420,382,264,11,-1
350,420,382,275,11,-1
340,420,382,286,11,-1
330,420,382,297,11,-1
320,420,382,308,11,-1
310,420,382,319,11,-1
300,420,382,330,11,-1
290,420,382,341,11,-1
280,420,382,352,11,-1
270,420,382,363,11,-1
260,420,382,374,11,-1
270,420,557,297,11,1
280,420,557,308,11,1
290,420,557,319,11,1
300,420,557,330,11,1
350,420,400,154,7,-1
340,420,400,161,7,-1
330,420,400,168,7,-1
320,420,400,175,7,-1
310,420,400,182,7,-1
300,420,400,189,7,-1
290,420,400,196,7,-1
280,420,400,203,7,-1
270,420,400,210,7,-1
260,420,400,217,7,-1
250,420,400,224,7,-1
240,420,400,231,7,-1
230,420,400,238,7,-1
220,420,400,245,7,-1
210,420,400,252,7,-1
200,420,400,259,7,-1
190,420,400,266,7,-1
200,420,676,175,7,1
210,420,676,182,7,1
220,420,676,189,7,1
230,420,676,196,7,1
240,420,676,203,7,1
250,420,676,210,7,1
260,420,676,217,7,1
270,420,676,224,7,1
280,420,676,231,7,1
290,420,676,238,7,1
300,420,676,245,7,1
310,420,676,252,7,1
320,420,676,259,7,1
330,420,676,266,7,1
340,420,676,273,7,1
350,420,676,280,7,1
360,420,676,287,7,1
370,420,676,294,7,1
380,420,676,301,7,1
390,420,676,308,7,1
380,420,94,189,7,-1
370,420,94,196,7,-1
360,420,94,203,7,-1
350,420,94,210,7,-1
340,420,94,217,7,-1
330,420,94,224,7,-1
340,420,233,161,7,1
350,420,233,168,7,1
360,420,233,175,7,1
370,420,233,182,7,1
380,420,233,189,7,1
390,420,233,196,7,1
400,420,233,203,7,1
410,420,233,210,7,1
420,420,233,217,7,1
430,420,233,224,7,1
420,420,99,208,8,-1
410,420,99,216,8,-1
400,420,99,224,8,-1
390,420,99,232,8,-1
380,420,99,240,8,-1
370,420,99,248,8,-1
360,420,99,256,8,-1
350,420,99,264,8,-1
340,420,286,152,8,-1
330,420,286,160,8,-1
320,420,286,168,8,-1
310,420,286,176,8,-1
300,420,286,184,8,-1
290,420,286,192,8,-1
280,420,286,200,8,-1
270,420,286,208,8,-1
280,420,286,232,8,1
290,420,286,240,8,1
300,420,286,248,8,1
310,420,286,256,8,1
320,420,286,264,8,1
330,420,286,272,8,1
340,420,286,280,8,1
350,420,286,288,8,1
360,420,286,296,8,1
370,420,286,304,8,1
380,420,286,312,8,1
390,420,286,320,8,1
400,420,286,328,8,1
410,420,286,336,8,1
420,420,286,344,8,1
430,420,286,352,8,1
440,420,286,360,8,1
450,420,286,368,8,1
460,420,286,376,8,1
470,420,286,384,8,1
480,420,286,392,8,1
490,420,286,400,8,1
500,420,286,408,8,1
510,420,286,416,8,1
520,420,286,424,8,1
530,420,286,432,8,1
520,420,66,120,8,-1
510,420,66,128,8,-1
500,420,66,136,8,-1
490,420,66,144,8,-1
480,420,66,152,8,-1
470,420,66,160,8,-1
460,420,66,168,8,-1
450,420,66,176,8,-1
440,420,66,336,8,-1
430,420,66,344,8,-1
420,420,66,352,8,-1
410,420,66,360,8,-1
400,420,66,368,8,-1
390,420,66,376,8,-1
380,420,66,384,8,-1
390,420,307,192,8,1
400,420,307,200,8,1
410,420,307,208,8,1
420,420,307,216,8,1
430,420,307,224,8,1
440,420,307,232,8,1
450,420,307,240,8,1
460,420,307,248,8,1
470,420,307,256,8,1
480,420,307,264,8,1
490,420,307,272,8,1
500,420,307,280,8,1
510,420,307,288,8,1
500,420,221,72,8,-1
490,420,221,80,8,-1
480,420,221,88,8,-1
470,420,221,96,8,-1
460,420,221,104,8,-1
450,420,221,112,8,-1
440,420,221,120,8,-1
430,420,221,128,8,-1
420,420,107,225,9,-1
410,420,107,234,9,-1
400,420,107,243,9,-1
390,420,107,252,9,-1
380,420,107,261,9,-1
370,420,107,270,9,-1
360,420,107,279,9,-1
370,420,184,207,9,1
380,420,184,216,9,1
390,420,184,225,9,1
400,420,184,234,9,1
410,420,184,243,9,1
420,420,184,252,9,1
430,420,184,261,9,1
440,420,184,270,9,1
450,420,184,279,9,1
370,420,400,161,7,1
380,420,400,168,7,1
390,420,400,175,7,1
400,420,400,182,7,1
410,420,400,189,7,1
420,420,400,196,7,1
430,420,400,203,7,1
440,420,400,210,7,1
430,420,400,231,7,-1
420,420,400,238,7,-1
410,420,400,245,7,-1
400,420,400,252,7,-1
390,420,400,259,7,-1
380,420,400,266,7,-1
370,420,400,273,7,-1
360,420,400,280,7,-1
350,420,400,287,7,-1
340,420,400,294,7,-1
330,420,400,301,7,-1
320,420,400,308,7,-1
310,420,400,315,7,-1
300,420,400,322,7,-1
290,420,400,329,7,-1
280,420,400,336,7,-1
270,420,400,343,7,-1
260,420,400,350,7,-1
250,420,400,357,7,-1
240,420,400,364,7,-1
230,420,400,371,7,-1
220,420,400,378,7,-1
210,420,400,385,7,-1
200,420,400,392,7,-1
190,420,400,399,7,-1
200,420,696,175,7,1
210,420,696,182,7,1
220,420,696,189,7,1
230,420,696,196,7,1
240,420,696,203,7,1
250,420,696,210,7,1
260,420,696,217,7,1
270,420,696,224,7,1
280,420,696,231,7,1
290,420,696,238,7,1
300,420,696,245,7,1
290,420,376,161,7,-1
280,420,376,168,7,-1
270,420,376,175,7,-1
260,420,376,182,7,-1
250,420,376,189,7,-1
240,420,376,196,7,-1
230,420,376,203,7,-1
220,420,376,210,7,-1
210,420,376,217,7,-1
220,420,93,154,7,1
230,420,93,161,7,1
240,420,93,168,7,1
250,420,93,175,7,1
260,420,93,182,7,1
270,420,93,189,7,1
280,420,93,196,7,1
290,420,93,203,7,1
300,420,93,210,7,1
310,420,93,217,7,1
320,420,93,224,7,1
330,420,93,231,7,1
340,420,93,238,7,1
350,420,93,245,7,1
360,420,93,252,7,1
350,420,422,161,7,-1
340,420,422,168,7,-1
330,420,422,175,7,-1
320,420,422,182,7,-1
310,420,422,189,7,-1
300,420,422,196,7,-1
290,420,422,203,7,-1
300,420,306,144,8,1
310,420,306,152,8,1
320,420,306,160,8,1
330,420,306,168,8,1
340,420,306,176,8,1
350,420,306,184,8,1
360,420,306,192,8,1
370,420,306,200,8,1
380,420,306,208,8,1
390,420,306,216,8,1
400,420,306,224,8,1
410,420,306,232,8,1
420,420,306,240,8,1
430,420,306,248,8,1
440,420,306,256,8,1
450,420,306,264,8,1
460,420,306,272,8,1
470,420,306,280,8,1
460,420,664,152,8,-1
450,420,664,160,8,-1
440,420,664,168,8,-1
430,420,664,176,8,-1
420,420,664,184,8,-1
410,420,664,192,8,-1
400,420,664,200,8,-1
390,420,664,208,8,-1
380,420,664,216,8,-1
370,420,664,224,8,-1
360,420,664,232,8,-1
350,420,664,240,8,-1
340,420,664,248,8,-1
350,420,69,216,8,1
360,420,69,224,8,1
370,420,69,232,8,1
380,420,69,240,8,1
390,420,69,248,8,1
400,420,69,256,8,1
390,420,653,208,8,-1
380,420,653,216,8,-1
370,420,653,224,8,-1
360,420,653,232,8,-1
350,420,653,240,8,-1
340,420,653,248,8,-1
330,420,653,256,8,-1
320,420,653,264,8,-1
310,420,653,272,8,-1
320,420,203,315,9,1
330,420,203,324,9,1
340,420,203,333,9,1
350,420,203,342,9,1
360,420,203,351,9,1
370,420,203,360,9,1
380,420,203,369,9,1
390,420,203,378,9,1
400,420,203,387,9,1
410,420,203,396,9,1
420,420,203,405,9,1
430,420,339,270,9,1
440,420,339,279,9,1
450,420,339,288,9,1
460,420,339,297,9,1
470,420,339,306,9,1
480,420,339,315,9,1
490,420,339,324,9,1
500,420,339,333,9,1
510,420,339,342,9,1
520,420,339,351,9,1
530,420,339,360,9,1
520,420,237,270,9,-1
510,420,237,279,9,-1
500,420,237,288,9,-1
490,420,237,297,9,-1
480,420,237,306,9,-1
470,420,237,315,9,-1
460,420,237,324,9,-1
450,420,237,333,9,-1
440,420,237,342,9,-1
350,420,400,140,7,-1
340,420,400,147,7,-1
330,420,400,154,7,-1
320,420,400,161,7,-1
310,420,400,168,7,-1
300,420,400,175,7,-1
290,420,400,182,7,-1
280,420,400,189,7,-1
270,420,400,196,7,-1
260,420,400,203,7,-1
250,420,400,210,7,-1
260,420,421,140,7,1
270,420,421,147,7,1
280,420,421,154,7,1
290,420,421,161,7,1
300,420,421,168,7,1
310,420,421,175,7,1
320,420,421,182,7,1
330,420,200,147,7,1
340,420,200,154,7,1
350,420,200,161,7,1
360,420,200,168,7,1
370,420,200,175,7,1
380,420,200,182,7,1
390,420,200,189,7,1
400,420,200,196,7,1
410,420,200,203,7,1
420,420,200,210,7,1
430,420,200,217,7,1
440,420,200,224,7,1
450,420,200,231,7,1
460,420,370,189,7,1
470,420,370,196,7,1
480,420,370,203,7,1
490,420,370,210,7,1
500,420,370,217,7,1
510,420,370,224,7,1
520,420,370,231,7,1
530,420,370,238,7,1
540,420,370,245,7,1
550,420,370,252,7,1
560,420,370,259,7,1
570,420,370,266,7,1
580,420,414,189,7,1
590,420,414,196,7,1
600,420,414,203,7,1
610,420,414,210,7,1
620,420,414,217,7,1
630,420,414,224,7,1
640,420,414,231,7,1
650,420,414,238,7,1
660,420,414,245,7,1
670,420,414,252,7,1
660,420,696,168,8,-1
650,420,696,176,8,-1
640,420,696,184,8,-1
630,420,696,192,8,-1
620,420,696,200,8,-1
610,420,696,208,8,-1
600,420,696,216,8,-1
590,420,696,224,8,-1
580,420,696,232,8,-1
570,420,696,240,8,-1
560,420,696,248,8,-1
550,420,696,256,8,-1
540,420,696,264,8,-1
530,420,696,272,8,-1
520,420,696,280,8,-1
510,420,696,288,8,-1
500,420,696,296,8,-1
510,420,344,224,8,1
520,420,344,232,8,1
530,420,344,240,8,1
540,420,344,248,8,1
550,420,344,256,8,1
560,420,344,264,8,1
570,420,344,272,8,1
580,420,339,351,9,1
590,420,339,360,9,1
600,420,339,369,9,1
610,420,339,378,9,1
620,420,339,387,9,1
630,420,339,396,9,1
640,420,339,405,9,1
650,420,339,414,9,1
660,420,339,423,9,1
670,420,339,432,9,1
680,420,339,441,9,1
690,420,339,450,9,1
700,420,339,459,9,1
710,420,339,468,9,1
720,420,339,477,9,1
710,420,688,200,10,-1
700,420,688,210,10,-1
690,420,688,220,10,-1
680,420,688,230,10,-1
670,420,688,240,10,-1
660,420,688,250,10,-1
650,420,688,260,10,-1
640,420,688,270,10,-1
630,420,688,280,10,-1
620,420,688,290,10,-1
610,420,688,300,10,-1
600,420,688,310,10,-1
590,420,688,320,10,-1
580,420,688,330,10,-1
570,420,688,340,10,-1
560,420,688,350,10,-1
550,420,688,360,10,-1
540,420,688,370,10,-1
530,420,688,380,10,-1
520,420,688,390,10,-1
510,420,688,400,10,-1
500,420,688,410,10,-1
510,420,294,390,10,1
520,420,294,400,10,1
530,420,294,410,10,1
540,420,294,420,10,1
550,420,294,430,10,1
560,420,294,440,10,1
570,420,294,450,10,1
560,420,675,200,10,-1
550,420,675,210,10,-1
540,420,675,220,10,-1
530,420,675,230,10,-1
520,420,675,240,10,-1
510,420,675,250,10,-1
500,420,675,260,10,-1
490,420,675,270,10,-1
480,420,675,280,10,-1
470,420,675,290,10,-1
460,420,675,300,10,-1
450,420,675,310,10,-1
440,420,675,320,10,-1
430,420,675,330,10,-1
420,420,675,340,10,-1
410,420,675,350,10,-1
400,420,675,360,10,-1
390,420,675,370,10,-1
380,420,675,380,10,-1
390,420,201,300,10,1
400,420,201,310,10,1
410,420,201,320,10,1
420,420,201,330,10,1
430,420,201,340,10,1
440,420,201,350,10,1
450,420,201,360,10,1
440,420,544,209,11,-1
430,420,544,220,11,-1
420,420,544,231,11,-1
410,420,544,242,11,-1
400,420,544,253,11,-1
390,420,544,264,11,-1
380,420,544,275,11,-1
370,420,544,286,11,-1
360,420,544,297,11,-1
350,420,544,308,11,-1
340,420,544,319,11,-1
330,420,544,330,11,-1
320,420,544,341,11,-1
310,420,544,352,11,-1
300,420,544,363,11,-1
310,420,588,319,11,1
320,420,588,330,11,1
330,420,588,341,11,1
340,420,588,352,11,1
350,420,588,363,11,1
360,420,588,374,11,1
370,420,588,385,11,1
380,420,588,396,11,1
390,420,185,264,11,1
400,420,185,275,11,1
410,420,185,286,11,1
420,420,185,297,11,1
430,420,185,308,11,1
420,420,623,216,12,-1
410,420,623,228,12,-1
400,420,623,240,12,-1
390,420,623,252,12,-1
380,420,623,264,12,-1
370,420,623,276,12,-1
360,420,623,288,12,-1
350,420,623,300,12,-1
340,420,623,312,12,-1
330,420,623,324,12,-1
320,420,623,336,12,-1
310,420,623,348,12,-1
300,420,623,360,12,-1
290,420,623,372,12,-1
350,420,400,154,7,-1
340,420,400,161,7,-1
330,420,400,168,7,-1
320,420,400,175,7,-1
310,420,400,182,7,-1
300,420,400,189,7,-1
290,420,400,196,7,-1
280,420,400,203,7,-1
270,420,400,210,7,-1
260,420,400,217,7,-1
270,420,631,196,7,1
280,420,631,203,7,1
290,420,631,210,7,1
300,420,631,217,7,1
310,420,631,224,7,1
320,420,631,231,7,1
330,420,631,238,7,1
340,420,631,245,7,1
350,420,141,203,7,1
360,420,141,210,7,1
370,420,141,217,7,1
380,420,141,224,7,1
390,420,141,231,7,1
400,420,141,238,7,1
410,420,141,245,7,1
420,420,266,182,7,1
430,420,266,189,7,1
440,420,266,196,7,1
450,420,266,203,7,1
460,420,266,210,7,1
470,420,266,217,7,1
480,420,266,224,7,1
490,420,266,231,7,1
500,420,266,238,7,1
490,420,490,126,7,-1
480,420,490,133,7,-1
470,420,490,140,7,-1
460,420,490,147,7,-1
450,420,490,154,7,-1
440,420,490,161,7,-1
430,420,490,168,7,-1
420,420,490,175,7,-1
410,420,490,182,7,-1
400,420,490,189,7,-1
390,420,490,196,7,-1
380,420,490,203,7,-1
370,420,490,210,7,-1
360,420,490,217,7,-1
350,420,490,224,7,-1
340,420,490,231,7,-1
330,420,490,238,7,-1
320,420,490,245,7,-1
310,420,373,160,8,-1
300,420,373,168,8,-1
290,420,373,176,8,-1
280,420,373,184,8,-1
270,420,373,192,8,-1
260,420,373,200,8,-1
250,420,373,208,8,-1
240,420,373,216,8,-1
230,420,373,224,8,-1
240,420,85,160,8,1
250,420,85,168,8,1
260,420,85,176,8,1
270,420,85,184,8,1
280,420,85,192,8,1
290,420,85,200,8,1
300,420,85,208,8,1
310,420,85,216,8,1
320,420,85,224,8,1
330,420,85,232,8,1
320,420,313,160,8,-1
310,420,313,168,8,-1
300,420,313,176,8,-1
290,420,313,184,8,-1
280,420,313,192,8,-1
270,420,313,200,8,-1
260,420,313,208,8,-1
250,420,313,216,8,-1
240,420,313,224,8,-1
230,420,313,232,8,-1
220,420,313,240,8,-1
210,420,313,248,8,-1
200,420,313,256,8,-1
190,420,313,264,8,-1
180,420,313,272,8,-1
170,420,313,280,8,-1
180,420,551,208,8,1
190,420,551,216,8,1
200,420,551,224,8,1
210,420,551,232,8,1
220,420,551,240,8,1
230,420,551,248,8,1
240,420,551,256,8,1
250,420,551,264,8,1
240,420,631,240,8,-1
230,420,631,248,8,-1
220,420,631,256,8,-1
210,420,631,264,8,-1
200,420,631,272,8,-1
190,420,631,280,8,-1
200,420,80,198,9,1
210,420,80,207,9,1
220,420,80,216,9,1
230,420,80,225,9,1
240,420,80,234,9,1
250,420,80,243,9,1
260,420,80,252,9,1
270,420,80,261,9,1
280,420,80,270,9,1
290,420,80,279,9,1
300,420,80,288,9,1
310,420,80,297,9,1
320,420,80,306,9,1
330,420,80,315,9,1
340,420,105,207,9,1
350,420,105,216,9,1
360,420,105,225,9,1
370,420,105,234,9,1
380,420,105,243,9,1
390,420,105,252,9,1
400,420,105,261,9,1
410,420,105,270,9,1
420,420,105,279,9,1
430,420,105,288,9,1
440,420,105,297,9,1
450,420,334,216,9,1
460,420,334,225,9,1
470,420,334,234,9,1
480,420,334,243,9,1
490,420,334,252,9,1
500,420,334,261,9,1
510,420,334,270,9,1
520,420,334,279,9,1
530,420,334,288,9,1
540,420,334,297,9,1
550,420,334,306,9,1
560,420,334,315,9,1
550,420,654,153,9,-1
540,420,654,162,9,-1
530,420,654,171,9,-1
520,420,654,180,9,-1
510,420,654,189,9,-1
500,420,654,198,9,-1
490,420,654,207,9,-1
480,420,654,216,9,-1
470,420,654,225,9,-1
460,420,654,234,9,-1
450,420,654,243,9,-1
440,420,654,252,9,-1
430,420,654,261,9,-1
420,420,654,270,9,-1
410,420,654,279,9,-1
400,420,654,288,9,-1
390,420,654,297,9,-1
400,420,107,290,10,1
410,420,107,300,10,1
420,420,107,310,10,1
430,420,107,320,10,1
440,420,107,330,10,1
430,420,555,180,10,-1
420,420,555,190,10,-1
410,420,555,200,10,-1
400,420,555,210,10,-1
390,420,555,220,10,-1
380,420,555,230,10,-1
370,420,555,240,10,-1
360,420,555,250,10,-1
350,420,555,260,10,-1
340,420,555,270,10,-1
330,420,555,280,10,-1
340,420,212,230,10,1
350,420,212,240,10,1
360,420,212,250,10,1
370,420,212,260,10,1
380,420,212,270,10,1
390,420,212,280,10,1
400,420,212,290,10,1
410,420,212,300,10,1
400,420,387,220,10,-1
390,420,387,230,10,-1
380,420,387,240,10,-1
370,420,387,250,10,-1
360,420,387,260,10,-1
350,420,387,270,10,-1
340,420,387,280,10,-1
330,420,387,290,10,-1
320,420,387,300,10,-1
310,420,387,310,10,-1
300,420,387,320,10,-1
290,420,387,330,10,-1
280,420,387,340,10,-1
270,420,387,350,10,-1
260,420,387,360,10,-1
250,420,387,370,10,-1
260,420,661,341,11,1
270,420,661,352,11,1
280,420,661,363,11,1
290,420,661,374,11,1
300,420,661,385,11,1
310,420,661,396,11,1
320,420,661,407,11,1
330,420,661,418,11,1
340,420,661,429,11,1
350,420,661,440,11,1
350,420,400,161,7,-1
340,420,400,168,7,-1
330,420,400,175,7,-1
320,420,400,182,7,-1
310,420,400,189,7,-1
300,420,400,196,7,-1
290,420,400,203,7,-1
280,420,400,210,7,-1
270,420,400,217,7,-1
280,420,176,161,7,1
290,420,176,168,7,1
300,420,176,175,7,1
310,420,176,182,7,1
320,420,176,189,7,1
330,420,176,196,7,1
340,420,176,203,7,1
350,420,176,210,7,1
360,420,176,217,7,1
370,420,176,224,7,1
380,420,176,231,7,1
390,420,176,238,7,1
400,420,22,301,7,1
410,420,22,308,7,1
420,420,22,315,7,1
430,420,22,322,7,1
440,420,22,329,7,1
450,420,22,336,7,1
460,420,22,343,7,1
470,420,22,350,7,1
480,420,22,357,7,1
490,420,22,364,7,1
480,420,631,140,7,-1
470,420,631,147,7,-1
460,420,631,154,7,-1
450,420,631,161,7,-1
440,420,631,168,7,-1
430,420,631,175,7,-1
420,420,631,182,7,-1
410,420,631,189,7,-1
400,420,631,196,7,-1
390,420,631,203,7,-1
400,420,223,216,8,1
410,420,223,224,8,1
420,420,223,232,8,1
430,420,223,240,8,1
440,420,223,248,8,1
450,420,223,256,8,1
460,420,223,264,8,1
450,420,544,168,8,-1
440,420,544,176,8,-1
430,420,544,184,8,-1
420,420,544,192,8,-1
410,420,544,200,8,-1
400,420,544,208,8,-1
390,420,544,216,8,-1
380,420,544,224,8,-1
370,420,544,232,8,-1
360,420,544,240,8,-1
350,420,544,248,8,-1
340,420,438,168,8,-1
330,420,438,176,8,-1
320,420,438,184,8,-1
310,420,438,192,8,-1
300,420,438,200,8,-1
290,420,438,208,8,-1
280,420,438,216,8,-1
270,420,438,224,8,-1
260,420,389,200,8,-1
250,420,389,208,8,-1
240,420,389,216,8,-1
230,420,389,224,8,-1
220,420,389,232,8,-1
210,420,389,240,8,-1
200,420,389,248,8,-1
210,420,586,216,9,1
220,420,586,225,9,1
230,420,586,234,9,1
240,420,586,243,9,1
250,420,586,252,9,1
260,420,586,261,9,1
270,420,586,270,9,1
280,420,586,279,9,1
290,420,586,288,9,1
300,420,586,297,9,1
310,420,586,306,9,1
300,420,506,252,9,-1
290,420,506,261,9,-1
280,420,506,270,9,-1
270,420,506,279,9,-1
260,420,506,288,9,-1
250,420,506,297,9,-1
260,420,62,171,9,1
270,420,62,180,9,1
280,420,62,189,9,1
290,420,62,198,9,1
300,420,62,207,9,1
310,420,62,216,9,1
320,420,62,225,9,1
330,420,62,234,9,1
340,420,62,243,9,1
350,420,62,252,9,1
360,420,62,261,9,1
370,420,62,270,9,1
380,420,245,234,9,1
390,420,245,243,9,1
400,420,245,252,9,1
410,420,245,261,9,1
420,420,245,270,9,1
430,420,245,279,9,1
440,420,245,288,9,1
450,420,245,297,9,1
460,420,245,306,9,1
470,420,245,315,9,1
460,420,633,210,10,-1
450,420,633,220,10,-1
440,420,633,230,10,-1
430,420,633,240,10,-1
420,420,633,250,10,-1
410,420,633,260,10,-1
400,420,633,270,10,-1
390,420,633,280,10,-1
380,420,633,290,10,-1
370,420,633,300,10,-1
360,420,399,200,10,-1
350,420,399,210,10,-1
340,420,399,220,10,-1
330,420,399,230,10,-1
320,420,399,240,10,-1
310,420,399,250,10,-1
300,420,399,260,10,-1
290,420,399,270,10,-1
280,420,399,280,10,-1
270,420,399,290,10,-1
280,420,20,190,10,1
290,420,20,200,10,1
300,420,20,210,10,1
310,420,20,220,10,1
320,420,20,230,10,1
330,420,20,240,10,1
340,420,20,250,10,1
350,420,20,260,10,1
360,420,20,270,10,1
370,420,20,280,10,1
380,420,20,290,10,1
390,420,20,300,10,1
400,420,336,200,10,1
410,420,336,210,10,1
420,420,336,220,10,1
430,420,336,230,10,1
440,420,336,240,10,1
450,420,336,250,10,1
460,420,336,260,10,1
470,420,336,270,10,1
480,420,336,280,10,1
490,420,336,290,10,1
500,420,336,300,10,1
510,420,336,310,10,1
500,420,678,220,11,-1
490,420,678,231,11,-1
480,420,678,242,11,-1
470,420,678,253,11,-1
460,420,678,264,11,-1
450,420,678,275,11,-1
440,420,678,286,11,-1
430,420,678,297,11,-1
420,420,678,308,11,-1
410,420,678,319,11,-1
350,420,400,161,7,-1
340,420,400,168,7,-1
330,420,400,175,7,-1
320,420,400,182,7,-1
310,420,400,189,7,-1
300,420,400,196,7,-1
290,420,400,203,7,-1
280,420,400,210,7,-1
270,420,400,217,7,-1
260,420,400,224,7,-1
250,420,392,147,7,-1
240,420,392,154,7,-1
230,420,392,161,7,-1
220,420,392,168,7,-1
210,420,392,175,7,-1
200,420,392,182,7,-1
190,420,392,189,7,-1
180,420,392,196,7,-1
170,420,392,203,7,-1
160,420,392,210,7,-1
170,420,55,231,7,1
180,420,55,238,7,1
190,420,55,245,7,1
200,420,55,252,7,1
210,420,55,259,7,1
200,420,186,140,7,-1
190,420,186,147,7,-1
180,420,186,154,7,-1
170,420,186,161,7,-1
160,420,186,168,7,-1
150,420,186,175,7,-1
140,420,186,182,7,-1
130,420,186,189,7,-1
120,420,186,196,7,-1
110,420,186,203,7,-1
100,420,186,210,7,-1
90,420,186,217,7,-1
80,420,186,224,7,-1
70,420,186,231,7,-1
60,420,186,238,7,-1
50,420,186,245,7,-1
40,420,186,252,7,-1
30,420,186,259,7,-1
20,420,186,266,7,-1
10,420,186,273,7,-1
0,420,186,280,7,-1
10,420,362,368,8,1
20,420,362,376,8,1
30,420,362,384,8,1
40,420,362,392,8,1
50,420,362,400,8,1
60,420,362,408,8,1
70,420,362,416,8,1
80,420,362,424,8,1
70,420,482,240,8,-1
60,420,482,248,8,-1
50,420,482,256,8,-1
40,420,482,264,8,-1
30,420,482,272,8,-1
20,420,482,280,8,-1
10,420,482,288,8,-1
0,420,482,296,8,-1
10,420,433,270,9,1
20,420,433,279,9,1
30,420,433,288,9,1
40,420,433,297,9,1
50,420,433,306,9,1
60,420,433,315,9,1
70,420,433,324,9,1
80,420,433,333,9,1
90,420,433,342,9,1
100,420,433,351,9,1
110,420,433,360,9,1
120,420,433,369,9,1
130,420,433,378,9,1
140,420,542,230,10,1
150,420,542,240,10,1
160,420,542,250,10,1
170,420,542,260,10,1
180,420,542,270,10,1
190,420,542,280,10,1
200,420,542,290,10,1
210,420,542,300,10,1
220,420,542,310,10,1
230,420,542,320,10,1
240,420,542,330,10,1
250,420,542,340,10,1
260,420,542,350,10,1
270,420,542,360,10,1
280,420,542,370,10,1
350,420,400,154,7,-1
340,420,400,161,7,-1
330,420,400,168,7,-1
320,420,400,175,7,-1
310,420,400,182,7,-1
300,420,400,189,7,-1
290,420,400,196,7,-1
280,420,400,203,7,-1
270,420,400,210,7,-1
260,420,400,217,7,-1
270,420,561,154,7,1
280,420,561,161,7,1
290,420,561,168,7,1
300,420,561,175,7,1
310,420,561,182,7,1
320,420,561,189,7,1
310,420,619,287,7,-1
300,420,619,294,7,-1
290,420,619,301,7,-1
280,420,619,308,7,-1
270,420,619,315,7,-1
260,420,619,322,7,-1
250,420,619,329,7,-1
240,420,619,336,7,-1
230,420,619,343,7,-1
240,420,79,175,7,1
250,420,79,182,7,1
260,420,79,189,7,1
270,420,79,196,7,1
280,420,79,203,7,1
290,420,79,210,7,1
300,420,79,217,7,1
310,420,79,224,7,1
320,420,79,231,7,1
330,420,79,238,7,1
340,420,79,245,7,1
350,420,79,252,7,1
360,420,79,259,7,1
370,420,79,266,7,1
380,420,79,273,7,1
390,420,79,280,7,1
400,420,79,287,7,1
410,420,79,294,7,1
420,420,79,301,7,1
430,420,79,308,7,1
440,420,79,315,7,1
450,420,354,147,7,1
460,420,354,154,7,1
470,420,354,161,7,1
480,420,354,168,7,1
490,420,354,175,7,1
500,420,354,182,7,1
510,420,354,189,7,1
520,420,354,196,7,1
530,420,354,203,7,1
540,420,354,210,7,1
550,420,354,217,7,1
560,420,354,224,7,1
570,420,354,231,7,1
580,420,354,238,7,1
590,420,354,245,7,1
600,420,354,252,7,1
610,420,354,259,7,1
620,420,354,266,7,1
630,420,354,273,7,1
640,420,354,280,7,1
650,420,609,168,8,1
660,420,609,176,8,1
670,420,609,184,8,1
680,420,609,192,8,1
690,420,609,200,8,1
700,420,609,208,8,1
710,420,609,216,8,1
720,420,609,224,8,1
710,420,104,396,12,-1
700,420,104,408,12,-1
690,420,104,420,12,-1
680,420,104,432,12,-1
670,420,104,444,12,-1
660,420,104,456,12,-1
650,420,104,468,12,-1
640,420,104,480,12,-1
630,420,104,492,12,-1
620,420,104,504,12,-1
610,420,104,516,12,-1
600,420,104,528,12,-1
590,420,104,540,12,-1
580,420,104,552,12,-1
570,420,104,564,12,-1
560,420,104,576,12,-1
550,420,104,588,12,-1
540,420,104,600,12,-1
530,420,104,612,12,-1
520,420,104,624,12,-1
510,420,104,636,12,-1
500,420,104,648,12,-1
490,420,104,660,12,-1
480,420,141,0,12,-1
470,420,141,12,12,-1
460,420,141,24,12,-1
450,420,141,36,12,-1
440,420,141,48,12,-1
430,420,141,60,12,-1
420,420,141,72,12,-1
410,420,575,288,12,-1
400,420,575,300,12,-1
390,420,575,312,12,-1
380,420,575,324,12,-1
370,420,575,336,12,-1
360,420,575,348,12,-1
350,420,575,360,12,-1
340,420,575,372,12,-1
330,420,575,384,12,-1
320,420,575,396,12,-1
310,420,575,408,12,-1
300,420,575,420,12,-1
290,420,398,276,12,-1
280,420,398,288,12,-1
270,420,398,300,12,-1
260,420,398,312,12,-1
250,420,398,324,12,-1
240,420,398,336,12,-1
230,420,398,348,12,-1
220,420,398,360,12,-1
210,420,398,372,12,-1
200,420,398,384,12,-1
210,420,80,247,13,1
220,420,80,260,13,1
230,420,80,273,13,1
240,420,80,286,13,1
250,420,80,299,13,1
260,420,80,312,13,1
270,420,80,325,13,1
280,420,80,338,13,1
290,420,80,351,13,1
300,420,80,364,13,1
310,420,80,377,13,1
320,420,80,390,13,1
330,420,80,403,13,1
340,420,80,416,13,1
350,420,80,429,13,1
340,420,421,221,13,-1
330,420,421,234,13,-1
320,420,421,247,13,-1
310,420,421,260,13,-1
300,420,421,273,13,-1
290,420,421,286,13,-1
280,420,421,299,13,-1
270,420,421,312,13,-1
260,420,421,325,13,-1
250,420,421,338,13,-1
240,420,421,351,13,-1
230,420,421,364,13,-1
220,420,47,238,14,-1
210,420,47,252,14,-1
200,420,47,266,14,-1
190,420,47,280,14,-1
180,420,47,294,14,-1
170,420,47,308,14,-1
180,420,47,322,14,1
190,420,47,336,14,1
200,420,47,350,14,1
210,420,47,364,14,1
220,420,47,378,14,1
230,420,47,392,14,1
240,420,47,406,14,1
250,420,47,420,14,1
260,420,47,434,14,1
270,420,47,448,14,1
280,420,47,462,14,1
290,420,47,476,14,1
300,420,47,490,14,1
310,420,47,504,14,1
320,420,47,518,14,1
330,420,47,532,14,1
340,420,47,546,14,1
350,420,47,560,14,1
360,420,47,574,14,1
370,420,47,588,14,1
380,420,47,602,14,1
390,420,282,280,14,1
400,420,282,294,14,1
410,420,282,308,14,1
420,420,282,322,14,1
430,420,282,336,14,1
440,420,282,350,14,1
450,420,282,364,14,1
460,420,282,378,14,1
470,420,282,392,14,1
480,420,282,406,14,1
490,420,282,420,14,1
500,420,282,434,14,1
510,420,282,448,14,1
520,420,282,462,14,1
530,420,282,476,14,1
520,420,693,294,14,-1
510,420,693,308,14,-1
500,420,693,322,14,-1
490,420,693,336,14,-1
480,420,693,350,14,-1
470,420,693,364,14,-1
460,420,693,378,14,-1
450,420,693,392,14,-1
440,420,693,406,14,-1
430,420,693,420,14,-1
420,420,693,434,14,-1
430,420,260,224,14,1
440,420,260,238,14,1
450,420,260,252,14,1
460,420,260,266,14,1
470,420,260,280,14,1
480,420,260,294,14,1
490,420,260,308,14,1
500,420,260,322,14,1
510,420,260,336,14,1
520,420,260,350,14,1
530,420,6,392,14,1
540,420,6,406,14,1
550,420,6,420,14,1
560,420,6,434,14,1
570,420,6,448,14,1
580,420,6,462,14,1
590,420,6,476,14,1
600,420,6,490,14,1
350,420,400,154,7,-1
340,420,400,161,7,-1
330,420,400,168,7,-1
320,420,400,175,7,-1
310,420,400,182,7,-1
300,420,400,189,7,-1
290,420,400,196,7,-1
280,420,400,203,7,-1
270,420,400,210,7,-1
260,420,400,217,7,-1
250,420,400,224,7,-1
240,420,400,231,7,-1
230,420,400,238,7,-1
220,420,400,245,7,-1
210,420,400,252,7,-1
200,420,400,259,7,-1
190,420,400,266,7,-1
180,420,400,273,7,-1
170,420,400,343,7,-1
160,420,400,350,7,-1
150,420,400,357,7,-1
140,420,400,364,7,-1
130,420,400,371,7,-1
120,420,400,378,7,-1
110,420,400,385,7,-1
100,420,400,392,7,-1
110,420,442,231,7,1
120,420,442,238,7,1
130,420,442,245,7,1
140,420,442,252,7,1
150,420,442,259,7,1
160,420,442,266,7,1
170,420,442,273,7,1
180,420,442,280,7,1
190,420,442,287,7,1
180,420,593,217,7,-1
170,420,593,224,7,-1
160,420,593,231,7,-1
150,420,593,238,7,-1
140,420,593,245,7,-1
130,420,593,252,7,-1
120,420,593,259,7,-1
110,420,593,266,7,-1
100,420,593,273,7,-1
90,420,593,280,7,-1
80,420,593,287,7,-1
70,420,464,161,7,-1
60,420,464,168,7,-1
50,420,464,175,7,-1
40,420,464,182,7,-1
30,420,464,189,7,-1
20,420,464,196,7,-1
10,420,464,203,7,-1
0,420,464,210,7,-1
350,420,400,175,7,-1
340,420,400,182,7,-1
330,420,400,189,7,-1
320,420,400,196,7,-1
310,420,400,203,7,-1
300,420,400,210,7,-1
290,420,400,217,7,-1
280,420,400,224,7,-1
270,420,400,231,7,-1
260,420,400,238,7,-1
250,420,400,245,7,-1
240,420,400,252,7,-1
250,420,212,140,7,1
260,420,212,147,7,1
270,420,212,154,7,1
280,420,212,161,7,1
290,420,212,168,7,1
300,420,212,175,7,1
310,420,212,182,7,1
320,420,212,189,7,1
330,420,212,196,7,1
340,420,212,203,7,1
350,420,212,210,7,1
360,420,212,217,7,1
370,420,212,224,7,1
380,420,212,231,7,1
390,420,212,238,7,1
400,420,212,245,7,1
410,420,364,133,7,1
420,420,364,140,7,1
430,420,364,147,7,1
440,420,364,154,7,1
450,420,364,161,7,1
460,420,364,168,7,1
470,420,364,175,7,1
480,420,364,182,7,1
490,420,364,189,7,1
500,420,364,196,7,1
490,420,596,154,7,-1
480,420,596,161,7,-1
470,420,596,168,7,-1
460,420,596,175,7,-1
450,420,596,182,7,-1
440,420,596,189,7,-1
430,420,596,196,7,-1
420,420,596,203,7,-1
410,420,596,210,7,-1
400,420,598,259,7,-1
390,420,598,266,7,-1
380,420,598,273,7,-1
370,420,598,280,7,-1
360,420,598,287,7,-1
350,420,457,224,8,-1
340,420,457,232,8,-1
330,420,457,240,8,-1
320,420,457,248,8,-1
310,420,457,256,8,-1
300,420,457,264,8,-1
290,420,457,272,8,-1
280,420,457,280,8,-1
290,420,659,272,8,1
300,420,659,280,8,1
310,420,659,288,8,1
320,420,659,296,8,1
330,420,659,304,8,1
340,420,659,312,8,1
350,420,659,320,8,1
360,420,659,328,8,1
370,420,659,336,8,1
380,420,659,344,8,1
370,420,595,216,8,-1
360,420,595,224,8,-1
350,420,595,232,8,-1
340,420,595,240,8,-1
330,420,595,248,8,-1
340,420,206,152,8,1
350,420,206,160,8,1
360,420,206,168,8,1
370,420,206,176,8,1
380,420,206,184,8,1
390,420,206,192,8,1
400,420,206,200,8,1
410,420,206,208,8,1
420,420,206,216,8,1
410,420,655,184,8,-1
400,420,655,192,8,-1
390,420,655,200,8,-1
380,420,655,208,8,-1
370,420,655,216,8,-1
360,420,655,224,8,-1
350,420,655,232,8,-1
360,420,230,160,8,1
370,420,230,168,8,1
380,420,230,176,8,1
390,420,230,184,8,1
400,420,230,192,8,1
410,420,230,200,8,1
420,420,230,208,8,1
430,420,230,216,8,1
440,420,148,252,9,1
450,420,148,261,9,1
460,420,148,270,9,1
470,420,148,279,9,1
480,420,148,288,9,1
470,420,570,261,9,-1
460,420,570,270,9,-1
450,420,570,279,9,-1
440,420,570,288,9,-1
430,420,570,297,9,-1
420,420,570,306,9,-1
410,420,570,315,9,-1
400,420,570,324,9,-1
390,420,570,333,9,-1
380,420,570,342,9,-1
370,420,405,207,9,-1
360,420,405,216,9,-1
350,420,405,225,9,-1
340,420,405,234,9,-1
330,420,405,243,9,-1
320,420,405,252,9,-1
310,420,405,261,9,-1
300,420,405,270,9,-1
290,420,405,279,9,-1
280,420,405,288,9,-1
270,420,405,297,9,-1
260,420,405,306,9,-1
250,420,405,315,9,-1
240,420,405,324,9,-1
230,420,405,333,9,-1
220,420,405,342,9,-1
210,420,671,414,9,-1
200,420,671,423,9,-1
190,420,671,432,9,-1
180,420,671,441,9,-1
170,420,671,450,9,-1
160,420,671,459,9,-1
150,420,671,468,9,-1
140,420,671,477,9,-1
130,420,522,639,9,-1
120,420,522,648,9,-1
110,420,522,657,9,-1
100,420,254,0,10,-1
90,420,254,10,10,-1
80,420,254,20,10,-1
70,420,254,30,10,-1
60,420,254,400,10,-1
50,420,254,410,10,-1
40,420,254,420,10,-1
30,420,254,430,10,-1
20,420,254,440,10,-1
10,420,254,450,10,-1
0,420,254,460,10,-1
370,420,400,98,7,1
380,420,400,105,7,1
390,420,400,112,7,1
400,420,400,119,7,1
410,420,400,126,7,1
420,420,400,133,7,1
430,420,400,140,7,1
440,420,400,147,7,1
450,420,400,154,7,1
460,420,400,161,7,1
470,420,400,168,7,1
480,420,400,175,7,1
490,420,400,182,7,1
500,420,400,189,7,1
510,420,400,196,7,1
520,420,400,203,7,1
530,420,400,210,7,1
540,420,400,217,7,1
550,420,400,224,7,1
560,420,400,231,7,1
570,420,143,203,7,1
580,420,143,210,7,1
590,420,143,217,7,1
600,420,143,224,7,1
610,420,143,231,7,1
620,420,143,238,7,1
630,420,143,245,7,1
620,420,630,133,7,-1
610,420,630,140,7,-1
600,420,630,147,7,-1
590,420,630,154,7,-1
580,420,630,161,7,-1
570,420,630,168,7,-1
560,420,630,175,7,-1
550,420,630,182,7,-1
540,420,630,189,7,-1
530,420,630,196,7,-1
520,420,630,203,7,-1
510,420,630,210,7,-1
500,420,609,168,7,-1
490,420,609,175,7,-1
480,420,609,182,7,-1
470,420,609,189,7,-1
460,420,609,196,7,-1
450,420,609,203,7,-1
440,420,609,210,7,-1
430,420,609,217,7,-1
420,420,609,224,7,-1
410,420,397,192,8,-1
400,420,397,200,8,-1
390,420,397,208,8,-1
380,420,397,216,8,-1
370,420,397,224,8,-1
360,420,397,232,8,-1
350,420,397,240,8,-1
340,420,397,248,8,-1
330,420,397,256,8,-1
320,420,397,264,8,-1
310,420,397,272,8,-1
300,420,397,280,8,-1
290,420,397,288,8,-1
280,420,397,296,8,-1
270,420,397,304,8,-1
370,420,400,147,7,1
380,420,400,154,7,1
390,420,400,161,7,1
400,420,400,168,7,1
410,420,400,175,7,1
420,420,400,182,7,1
430,420,400,189,7,1
440,420,400,196,7,1
450,420,400,203,7,1
460,420,400,210,7,1
470,420,400,217,7,1
480,420,400,224,7,1
490,420,400,231,7,1
500,420,400,238,7,1
510,420,400,245,7,1
520,420,400,252,7,1
530,420,400,259,7,1
540,420,400,266,7,1
550,420,400,273,7,1
560,420,400,280,7,1
570,420,313,210,7,1
580,420,313,217,7,1
590,420,439,196,7,1
600,420,439,203,7,1
610,420,439,210,7,1
620,420,439,217,7,1
630,420,439,224,7,1
350,420,400,168,7,-1
340,420,400,175,7,-1
330,420,400,182,7,-1
320,420,400,189,7,-1
310,420,400,196,7,-1
300,420,400,203,7,-1
290,420,400,210,7,-1
280,420,400,217,7,-1
290,420,492,294,7,1
300,420,492,301,7,1
310,420,492,308,7,1
320,420,492,315,7,1
330,420,71,182,7,1
340,420,71,189,7,1
350,420,71,196,7,1
360,420,71,203,7,1
370,420,71,210,7,1
380,420,71,217,7,1
390,420,71,224,7,1
400,420,71,231,7,1
410,420,71,238,7,1
420,420,71,245,7,1
430,420,261,189,7,1
440,420,261,196,7,1
450,420,261,203,7,1
460,420,261,210,7,1
470,420,261,217,7,1
480,420,261,224,7,1
490,420,261,231,7,1
500,420,261,238,7,1
510,420,261,245,7,1
520,420,261,252,7,1
530,420,261,259,7,1
540,420,438,225,9,1
550,420,438,234,9,1
560,420,438,243,9,1
570,420,438,252,9,1
580,420,438,261,9,1
590,420,438,270,9,1
600,420,438,279,9,1
610,420,438,288,9,1
620,420,438,297,9,1
630,420,438,306,9,1
640,420,438,315,9,1
650,420,438,324,9,1
660,420,438,333,9,1
650,420,85,162,9,-1
640,420,85,171,9,-1
630,420,85,180,9,-1
620,420,85,189,9,-1
610,420,85,198,9,-1
600,420,85,207,9,-1
590,420,85,216,9,-1
580,420,85,225,9,-1
570,420,85,234,9,-1
560,420,85,243,9,-1
550,420,85,252,9,-1
540,420,85,261,9,-1
530,420,85,270,9,-1
520,420,85,279,9,-1
510,420,85,288,9,-1
500,420,85,297,9,-1
490,420,85,306,9,-1
480,420,85,315,9,-1
470,420,85,324,9,-1
460,420,85,333,9,-1
450,420,85,342,9,-1
440,420,85,351,9,-1
430,420,85,360,9,-1
420,420,85,369,9,-1
410,420,85,378,9,-1
400,420,85,387,9,-1
390,420,85,396,9,-1
400,420,367,189,9,1
410,420,367,198,9,1
420,420,367,207,9,1
430,420,367,216,9,1
440,420,367,225,9,1
450,420,367,234,9,1
460,420,367,243,9,1
470,420,367,252,9,1
480,420,367,261,9,1
490,420,367,270,9,1
500,420,367,279,9,1
510,420,367,288,9,1
520,420,367,297,9,1
530,420,367,306,9,1
540,420,367,315,9,1
530,420,625,170,10,-1
520,420,625,180,10,-1
510,420,625,190,10,-1
500,420,625,200,10,-1
490,420,625,210,10,-1
480,420,625,220,10,-1
470,420,625,230,10,-1
460,420,625,240,10,-1
450,420,625,250,10,-1
440,420,625,260,10,-1
430,420,625,270,10,-1
420,420,625,280,10,-1
410,420,625,290,10,-1
400,420,625,300,10,-1
390,420,625,310,10,-1
380,420,507,190,10,-1
370,420,507,200,10,-1
360,420,507,210,10,-1
350,420,507,220,10,-1
340,420,507,230,10,-1
330,420,507,240,10,-1
320,420,507,250,10,-1
310,420,507,260,10,-1
300,420,507,270,10,-1
290,420,406,330,10,-1
280,420,406,340,10,-1
270,420,406,350,10,-1
260,420,406,360,10,-1
250,420,406,370,10,-1
240,420,406,380,10,-1
250,420,63,210,10,1
260,420,63,220,10,1
270,420,63,230,10,1
280,420,63,240,10,1
290,420,63,250,10,1
300,420,63,260,10,1
310,420,63,270,10,1
320,420,63,280,10,1
330,420,63,290,10,1
340,420,63,300,10,1
350,420,63,310,10,1
360,420,63,320,10,1
370,420,239,253,11,1
380,420,239,264,11,1
390,420,239,275,11,1
400,420,239,286,11,1
410,420,239,297,11,1
420,420,239,308,11,1
430,420,239,319,11,1
440,420,239,330,11,1
450,420,239,341,11,1
440,420,469,220,11,-1
430,420,469,231,11,-1
420,420,469,242,11,-1
410,420,469,253,11,-1
400,420,469,264,11,-1
390,420,469,275,11,-1
380,420,469,286,11,-1
370,420,469,297,11,-1
360,420,469,308,11,-1
370,420,281,209,11,1
380,420,281,220,11,1
390,420,281,231,11,1
400,420,281,242,11,1
410,420,281,253,11,1
420,420,281,264,11,1
430,420,281,275,11,1
440,420,281,286,11,1
450,420,281,297,11,1
460,420,281,308,11,1
450,420,508,240,12,-1
440,420,508,252,12,-1
430,420,508,264,12,-1
420,420,508,276,12,-1
410,420,508,288,12,-1
400,420,508,300,12,-1
390,420,508,312,12,-1
380,420,508,324,12,-1
390,420,227,240,12,1
400,420,227,252,12,1
410,420,227,264,12,1
420,420,227,276,12,1
430,420,227,288,12,1
440,420,227,300,12,1
450,420,227,312,12,1
440,420,445,216,12,-1
430,420,445,228,12,-1
420,420,445,240,12,-1
410,420,445,252,12,-1
400,420,445,264,12,-1
390,420,445,276,12,-1
380,420,445,288,12,-1
370,420,445,300,12,-1
360,420,445,312,12,-1
350,420,445,324,12,-1
340,420,445,336,12,-1
330,420,445,348,12,-1
320,420,445,360,12,-1
330,420,254,208,13,1
340,420,254,221,13,1
350,420,254,234,13,1
360,420,254,247,13,1
370,420,254,260,13,1
380,420,254,273,13,1
390,420,254,286,13,1
400,420,254,299,13,1
410,420,254,312,13,1
420,420,254,325,13,1
410,420,126,195,13,-1
400,420,126,208,13,-1
390,420,126,221,13,-1
380,420,126,234,13,-1
390,420,229,286,13,1
400,420,229,299,13,1
410,420,229,312,13,1
420,420,229,325,13,1
430,420,229,338,13,1
440,420,229,351,13,1
450,420,229,364,13,1
460,420,229,377,13,1
470,420,229,390,13,1
460,420,662,252,14,-1
450,420,662,266,14,-1
440,420,662,280,14,-1
430,420,662,294,14,-1
420,420,662,308,14,-1
410,420,662,322,14,-1
400,420,662,336,14,-1
390,420,662,350,14,-1
380,420,662,364,14,-1
370,420,662,378,14,-1
360,420,529,224,14,-1
350,420,529,238,14,-1
340,420,529,252,14,-1
330,420,529,266,14,-1
320,420,529,280,14,-1
310,420,529,294,14,-1
300,420,529,308,14,-1
290,420,529,322,14,-1
280,420,529,336,14,-1
290,420,188,280,14,1
300,420,188,294,14,1
310,420,188,308,14,1
320,420,188,322,14,1
330,420,188,336,14,1
340,420,188,350,14,1
350,420,188,364,14,1
360,420,188,378,14,1
370,420,188,392,14,1
380,420,188,406,14,1
370,420,416,266,14,-1
360,420,416,280,14,-1
350,420,416,294,14,-1
340,420,416,308,14,-1
330,420,416,322,14,-1
320,420,416,336,14,-1
310,420,416,350,14,-1
300,420,416,364,14,-1
290,420,416,378,14,-1
280,420,416,392,14,-1
270,420,416,406,14,-1
280,420,162,308,14,1
290,420,162,322,14,1
300,420,162,336,14,1
310,420,162,350,14,1
320,420,162,364,14,1
330,420,162,378,14,1
340,420,162,392,14,1
350,420,162,406,14,1
360,420,162,420,14,1
370,420,162,434,14,1
380,420,287,315,15,1
390,420,287,330,15,1
400,420,287,345,15,1
410,420,287,360,15,1
420,420,287,375,15,1
430,420,287,390,15,1
440,420,287,405,15,1
450,420,287,420,15,1
460,420,287,435,15,1
470,420,287,450,15,1
350,420,400,161,7,-1
340,420,400,168,7,-1
330,420,400,175,7,-1
320,420,400,182,7,-1
310,420,400,189,7,-1
300,420,400,196,7,-1
290,420,400,203,7,-1
280,420,400,210,7,-1
270,420,400,217,7,-1
260,420,400,224,7,-1
250,420,400,231,7,-1
240,420,400,238,7,-1
230,420,400,245,7,-1
240,420,6,168,7,1
250,420,6,175,7,1
260,420,6,182,7,1
270,420,6,189,7,1
280,420,6,196,7,1
290,420,6,203,7,1
300,420,6,210,7,1
310,420,6,217,7,1
320,420,6,224,7,1
330,420,6,231,7,1
320,420,376,168,7,-1
310,420,376,175,7,-1
300,420,376,182,7,-1
290,420,376,189,7,-1
280,420,376,196,7,-1
270,420,376,203,7,-1
260,420,376,210,7,-1
250,420,376,217,7,-1
260,420,202,154,7,1
270,420,202,161,7,1
280,420,202,168,7,1
290,420,202,175,7,1
300,420,202,182,7,1
310,420,202,189,7,1
320,420,202,196,7,1
330,420,202,203,7,1
340,420,202,210,7,1
350,420,202,217,7,1
360,420,202,224,7,1
370,420,202,231,7,1
360,420,334,140,7,-1
350,420,334,147,7,-1
340,420,334,154,7,-1
330,420,334,161,7,-1
320,420,334,168,7,-1
310,420,334,175,7,-1
300,420,334,182,7,-1
290,420,334,189,7,-1
280,420,334,196,7,-1
270,420,334,203,7,-1
260,420,334,210,7,-1
250,420,334,217,7,-1
240,420,334,224,7,-1
230,420,334,231,7,-1
220,420,334,238,7,-1
210,420,334,245,7,-1
200,420,334,252,7,-1
190,420,334,259,7,-1
180,420,334,266,7,-1
190,420,246,168,8,1
200,420,246,176,8,1
210,420,246,184,8,1
220,420,246,192,8,1
230,420,246,200,8,1
240,420,246,208,8,1
250,420,246,216,8,1
260,420,246,224,8,1
270,420,246,232,8,1
280,420,246,240,8,1
290,420,246,248,8,1
300,420,246,256,8,1
310,420,246,264,8,1
320,420,246,272,8,1
330,420,246,280,8,1
340,420,246,288,8,1
350,420,246,296,8,1
360,420,246,304,8,1
370,420,246,312,8,1
380,420,246,320,8,1
390,420,246,328,8,1
400,420,246,336,8,1
410,420,246,344,8,1
420,420,246,352,8,1
430,420,246,360,8,1
420,420,632,224,8,-1
410,420,632,232,8,-1
400,420,632,240,8,-1
390,420,632,248,8,-1
380,420,632,256,8,-1
370,420,632,264,8,-1
360,420,632,272,8,-1
350,420,632,280,8,-1
340,420,632,288,8,-1
330,420,310,152,8,-1
320,420,310,160,8,-1
310,420,310,168,8,-1
300,420,310,176,8,-1
290,420,310,184,8,-1
280,420,310,192,8,-1
270,420,310,200,8,-1
260,420,310,208,8,-1
250,420,310,216,8,-1
240,420,310,224,8,-1
230,420,310,232,8,-1
220,420,310,240,8,-1
210,420,310,248,8,-1
200,420,310,256,8,-1
190,420,310,264,8,-1
180,420,310,272,8,-1
170,420,310,280,8,-1
160,420,310,288,8,-1
150,420,310,296,8,-1
160,420,77,136,8,1
170,420,77,144,8,1
180,420,77,152,8,1
190,420,77,160,8,1
200,420,77,168,8,1
210,420,77,176,8,1
220,420,77,184,8,1
230,420,77,192,8,1
240,420,77,200,8,1
250,420,77,208,8,1
260,420,77,216,8,1
250,420,363,297,9,-1
240,420,363,306,9,-1
230,420,363,315,9,-1
220,420,363,324,9,-1
230,420,93,216,9,1
240,420,93,225,9,1
250,420,93,234,9,1
260,420,93,243,9,1
270,420,93,252,9,1
280,420,166,171,9,1
290,420,166,180,9,1
300,420,166,189,9,1
310,420,166,198,9,1
320,420,166,207,9,1
330,420,166,216,9,1
340,420,166,225,9,1
350,420,166,234,9,1
360,420,166,243,9,1
350,420,471,198,9,-1
340,420,471,207,9,-1
330,420,471,216,9,-1
320,420,471,225,9,-1
310,420,471,234,9,-1
320,420,243,220,10,1
330,420,243,230,10,1
340,420,243,240,10,1
350,420,243,250,10,1
360,420,243,260,10,1
370,420,243,270,10,1
380,420,243,280,10,1
390,420,243,290,10,1
400,420,243,300,10,1
410,420,73,270,10,1
420,420,73,280,10,1
430,420,73,290,10,1
440,420,73,300,10,1
450,420,73,310,10,1
460,420,73,320,10,1
470,420,73,330,10,1
480,420,73,340,10,1
490,420,73,350,10,1
500,420,73,360,10,1
510,420,73,370,10,1
520,420,73,380,10,1
530,420,73,390,10,1
540,420,224,190,10,1
550,420,224,200,10,1
560,420,224,210,10,1
570,420,224,220,10,1
580,420,224,230,10,1
590,420,224,240,10,1
600,420,224,250,10,1
610,420,224,260,10,1
620,420,224,270,10,1
630,420,350,330,11,1
640,420,350,341,11,1
650,420,350,352,11,1
660,420,350,363,11,1
670,420,350,374,11,1
680,420,350,385,11,1
690,420,350,396,11,1
700,420,350,407,11,1
710,420,350,418,11,1
720,420,350,429,11,1
710,420,229,624,12,-1
700,420,229,636,12,-1
690,420,229,648,12,-1
680,420,25,247,13,-1
670,420,25,260,13,-1
660,420,25,273,13,-1
650,420,25,286,13,-1
640,420,25,299,13,-1
630,420,25,312,13,-1
620,420,25,325,13,-1
610,420,25,338,13,-1
600,420,25,351,13,-1
590,420,25,364,13,-1
580,420,25,377,13,-1
570,420,25,390,13,-1
560,420,25,403,13,-1
550,420,76,351,13,-1
540,420,76,364,13,-1
530,420,76,377,13,-1
520,420,76,390,13,-1
510,420,76,403,13,-1
500,420,76,416,13,-1
490,420,76,429,13,-1
480,420,76,442,13,-1
470,420,76,455,13,-1
